tier,cell_line,drug,n_cells,ceiling,model,linear,mean,snr,isolation,effect_size,n_deg,moa,nn_drug
tier2_unseen_drugs,CVCL_C466,Tolcapone,11,1.0,0.5,0.3333333333333333,0.0,,,,,,
tier2_unseen_drugs,CVCL_C466,Aliskiren,9,0.6666666666666666,0.6666666666666666,0.5,0.0,,,,,,
tier2_unseen_drugs,CVCL_C466,Azithromycin (hydrate),10,0.6666666666666666,0.3333333333333333,0.8333333333333334,0.0,,,,,,
tier2_unseen_drugs,CVCL_C466,(R)-Verapamil (hydrochloride),8,0.3333333333333333,0.16666666666666666,0.0,0.0,,,,,,
tier2_unseen_drugs,CVCL_C466,Clonidine (hydrochloride),13,0.3333333333333333,1.0,1.0,0.0,,,,,,
tier2_unseen_drugs,CVCL_C466,Baicalin,10,0.16666666666666666,0.3333333333333333,0.16666666666666666,0.0,,,,,,
tier2_unseen_drugs,CVCL_C466,Anethole trithione,8,0.0,0.0,0.6666666666666666,0.0,,,,,,
tier2_unseen_drugs,CVCL_0293,Tolcapone,12,0.6,0.6,0.3,0.0,,,,,,
tier2_unseen_drugs,CVCL_0293,Aliskiren,17,0.9,1.0,0.6,0.8,,,,,,
tier2_unseen_drugs,CVCL_0293,Saquinavir,14,0.7,0.6,0.0,0.0,,,,,,
tier2_unseen_drugs,CVCL_0293,Almonertinib (hydrochloride),17,0.8,0.9,0.3,0.6,,,,,,
tier2_unseen_drugs,CVCL_0293,Azithromycin (hydrate),15,1.0,0.9,0.5,0.6,,,,,,
tier2_unseen_drugs,CVCL_0293,(R)-Verapamil (hydrochloride),10,0.0,0.0,0.8,0.0,,,,,,
tier2_unseen_drugs,CVCL_0293,Berbamine,13,0.7,0.1,1.0,0.0,,,,,,
tier2_unseen_drugs,CVCL_0293,Baicalin,16,0.7,0.5,0.9,0.3,,,,,,
tier2_unseen_drugs,CVCL_0293,Lipoic acid,10,0.2,0.3,0.1,0.0,,,,,,
tier2_unseen_drugs,CVCL_0293,Anethole trithione,16,0.8,0.3,0.7,0.3,,,,,,
tier2_unseen_drugs,CVCL_0293,Clonidine (hydrochloride),13,0.5,0.4,0.4,0.0,,,,,,
tier2_unseen_drugs,CVCL_1517,Tolcapone,12,1.0,0.625,0.375,0.375,,,,,,
tier2_unseen_drugs,CVCL_1517,Aliskiren,16,1.0,1.0,0.5,0.625,,,,,,
tier2_unseen_drugs,CVCL_1517,Saquinavir,13,0.625,1.0,0.0,0.125,,,,,,
tier2_unseen_drugs,CVCL_1517,Almonertinib (hydrochloride),8,0.25,0.5,0.125,0.0,,,,,,
tier2_unseen_drugs,CVCL_1517,Clonidine (hydrochloride),10,0.5,0.125,1.0,0.125,,,,,,
tier2_unseen_drugs,CVCL_1517,Berbamine,12,0.75,1.0,0.25,0.25,,,,,,
tier2_unseen_drugs,CVCL_1517,Baicalin,10,0.5,0.125,0.75,0.125,,,,,,
tier2_unseen_drugs,CVCL_1517,Lipoic acid,10,0.375,0.375,0.625,0.125,,,,,,
tier2_unseen_drugs,CVCL_1517,Anethole trithione,9,0.375,0.0,0.875,0.0,,,,,,
tier2_unseen_drugs,CVCL_0459,Tolcapone,24,0.9,0.7,0.4,0.7,,,,,,
tier2_unseen_drugs,CVCL_0459,Aliskiren,23,1.0,0.6,0.5,0.6,,,,,,
tier2_unseen_drugs,CVCL_0459,Saquinavir,17,0.3,0.2,0.2,0.0,,,,,,
tier2_unseen_drugs,CVCL_0459,Almonertinib (hydrochloride),23,0.8,0.7,0.6,0.4,,,,,,
tier2_unseen_drugs,CVCL_0459,Azithromycin (hydrate),26,1.0,0.7,0.3,0.7,,,,,,
tier2_unseen_drugs,CVCL_0459,(R)-Verapamil (hydrochloride),19,0.6,0.5,0.0,0.2,,,,,,
tier2_unseen_drugs,CVCL_0459,Clonidine (hydrochloride),24,1.0,1.0,0.9,0.2,,,,,,
tier2_unseen_drugs,CVCL_0459,Berbamine,15,0.5,0.0,0.1,0.0,,,,,,
tier2_unseen_drugs,CVCL_0459,Baicalin,22,0.1,0.2,1.0,0.0,,,,,,
tier2_unseen_drugs,CVCL_0459,Lipoic acid,19,0.8,0.3,0.7,0.2,,,,,,
tier2_unseen_drugs,CVCL_0459,Anethole trithione,22,0.6,0.3,0.8,0.2,,,,,,
tier2_unseen_drugs,CVCL_0332,Aliskiren,10,0.5,0.5,0.75,0.0,,,,,,
tier2_unseen_drugs,CVCL_0332,Almonertinib (hydrochloride),8,0.25,0.0,1.0,0.0,,,,,,
tier2_unseen_drugs,CVCL_0332,Berbamine,13,1.0,1.0,0.0,0.0,,,,,,
tier2_unseen_drugs,CVCL_0332,Baicalin,8,0.25,0.75,0.25,0.0,,,,,,
tier2_unseen_drugs,CVCL_0332,Clonidine (hydrochloride),11,1.0,0.5,0.5,0.0,,,,,,
tier2_unseen_drugs,CVCL_0334,Tolcapone,11,1.0,1.0,0.5,0.0,,,,,,
tier2_unseen_drugs,CVCL_0334,Almonertinib (hydrochloride),9,0.0,0.0,0.0,0.0,,,,,,
tier2_unseen_drugs,CVCL_0334,Clonidine (hydrochloride),8,1.0,0.5,1.0,0.0,,,,,,
tier2_unseen_drugs,CVCL_0359,Tolcapone,18,0.875,1.0,0.75,0.75,,,,,,
tier2_unseen_drugs,CVCL_0359,Aliskiren,10,0.25,0.5,0.625,0.0,,,,,,
tier2_unseen_drugs,CVCL_0359,Saquinavir,14,0.625,0.75,0.0,0.125,,,,,,
tier2_unseen_drugs,CVCL_0359,Almonertinib (hydrochloride),9,0.0,0.0,1.0,0.0,,,,,,
tier2_unseen_drugs,CVCL_0359,Azithromycin (hydrate),11,0.25,0.5,0.125,0.0,,,,,,
tier2_unseen_drugs,CVCL_0359,(R)-Verapamil (hydrochloride),19,1.0,0.875,0.5,0.75,,,,,,
tier2_unseen_drugs,CVCL_0359,Berbamine,19,0.875,0.625,0.375,0.75,,,,,,
tier2_unseen_drugs,CVCL_0359,Baicalin,11,0.375,0.5,0.875,0.125,,,,,,
tier2_unseen_drugs,CVCL_0359,Anethole trithione,11,0.375,0.375,0.25,0.125,,,,,,
tier2_unseen_drugs,CVCL_0480,Tolcapone,12,0.6,0.5,1.0,0.4,,,,,,
tier2_unseen_drugs,CVCL_0480,Aliskiren,15,0.9,0.9,0.7,0.8,,,,,,
tier2_unseen_drugs,CVCL_0480,Saquinavir,13,0.9,0.7,0.0,0.0,,,,,,
tier2_unseen_drugs,CVCL_0480,Almonertinib (hydrochloride),10,0.3,0.4,0.4,0.0,,,,,,
tier2_unseen_drugs,CVCL_0480,Azithromycin (hydrate),10,0.2,0.3,0.1,0.0,,,,,,
tier2_unseen_drugs,CVCL_0480,(R)-Verapamil (hydrochloride),13,0.5,0.2,0.9,0.2,,,,,,
tier2_unseen_drugs,CVCL_0480,Berbamine,15,0.6,0.6,0.7,0.4,,,,,,
tier2_unseen_drugs,CVCL_0480,Baicalin,18,1.0,1.0,0.2,0.6,,,,,,
tier2_unseen_drugs,CVCL_0480,Lipoic acid,18,1.0,0.8,0.5,0.8,,,,,,
tier2_unseen_drugs,CVCL_0480,Anethole trithione,11,0.4,0.0,0.3,0.0,,,,,,
tier2_unseen_drugs,CVCL_0480,Clonidine (hydrochloride),10,0.2,0.1,0.6,0.0,,,,,,
tier2_unseen_drugs,CVCL_1478,Tolcapone,8,0.1111111111111111,0.4444444444444444,0.8888888888888888,0.0,,,,,,
tier2_unseen_drugs,CVCL_1478,Aliskiren,9,0.4444444444444444,0.3333333333333333,0.0,0.0,,,,,,
tier2_unseen_drugs,CVCL_1478,Saquinavir,10,0.5555555555555556,0.5555555555555556,0.1111111111111111,0.1111111111111111,,,,,,
tier2_unseen_drugs,CVCL_1478,Almonertinib (hydrochloride),9,0.4444444444444444,0.1111111111111111,0.5555555555555556,0.0,,,,,,
tier2_unseen_drugs,CVCL_1478,Azithromycin (hydrate),13,0.8888888888888888,1.0,0.7777777777777778,0.7777777777777778,,,,,,
tier2_unseen_drugs,CVCL_1478,(R)-Verapamil (hydrochloride),9,0.2222222222222222,0.2222222222222222,0.1111111111111111,0.0,,,,,,
tier2_unseen_drugs,CVCL_1478,Clonidine (hydrochloride),17,1.0,1.0,0.6666666666666666,0.7777777777777778,,,,,,
tier2_unseen_drugs,CVCL_1478,Berbamine,12,1.0,0.7777777777777778,1.0,0.7777777777777778,,,,,,
tier2_unseen_drugs,CVCL_1478,Baicalin,8,0.4444444444444444,0.3333333333333333,0.4444444444444444,0.0,,,,,,
tier2_unseen_drugs,CVCL_1478,Lipoic acid,9,0.3333333333333333,0.4444444444444444,0.3333333333333333,0.2222222222222222,,,,,,
tier2_unseen_drugs,CVCL_1547,Tolcapone,9,0.5714285714285714,0.42857142857142855,0.14285714285714285,0.0,,,,,,
tier2_unseen_drugs,CVCL_1547,Saquinavir,9,0.7142857142857143,0.8571428571428571,0.0,0.0,,,,,,
tier2_unseen_drugs,CVCL_1547,Almonertinib (hydrochloride),16,1.0,1.0,0.7142857142857143,0.8571428571428571,,,,,,
tier2_unseen_drugs,CVCL_1547,Clonidine (hydrochloride),14,0.8571428571428571,0.42857142857142855,0.8571428571428571,0.0,,,,,,
tier2_unseen_drugs,CVCL_1547,Berbamine,8,0.7142857142857143,0.42857142857142855,0.2857142857142857,0.0,,,,,,
tier2_unseen_drugs,CVCL_1547,Baicalin,9,0.42857142857142855,0.2857142857142857,0.5714285714285714,0.0,,,,,,
tier2_unseen_drugs,CVCL_1547,Lipoic acid,9,0.14285714285714285,0.0,0.42857142857142855,0.0,,,,,,
tier2_unseen_drugs,CVCL_1547,Anethole trithione,15,0.8571428571428571,0.5714285714285714,1.0,0.0,,,,,,
tier2_unseen_drugs,CVCL_0399,Tolcapone,14,0.9,0.6,0.3,0.2,,,,,,
tier2_unseen_drugs,CVCL_0399,Aliskiren,15,0.2,0.2,1.0,0.2,,,,,,
tier2_unseen_drugs,CVCL_0399,Saquinavir,15,0.5,0.5,0.6,0.3,,,,,,
tier2_unseen_drugs,CVCL_0399,Almonertinib (hydrochloride),18,0.8,0.8,0.9,0.4,,,,,,
tier2_unseen_drugs,CVCL_0399,Azithromycin (hydrate),8,0.1,0.0,0.4,0.0,,,,,,
tier2_unseen_drugs,CVCL_0399,(R)-Verapamil (hydrochloride),13,0.4,0.8,0.2,0.2,,,,,,
tier2_unseen_drugs,CVCL_0399,Berbamine,16,0.7,0.8,0.7,0.2,,,,,,
tier2_unseen_drugs,CVCL_0399,Baicalin,13,0.7,0.2,0.1,0.2,,,,,,
tier2_unseen_drugs,CVCL_0399,Lipoic acid,21,1.0,1.0,0.4,1.0,,,,,,
tier2_unseen_drugs,CVCL_0399,Anethole trithione,11,0.1,0.1,0.0,0.0,,,,,,
tier2_unseen_drugs,CVCL_0399,Clonidine (hydrochloride),16,0.8,0.6,0.8,0.2,,,,,,
tier2_unseen_drugs,CVCL_0504,Tolcapone,8,0.1111111111111111,0.0,0.0,0.0,,,,,,
tier2_unseen_drugs,CVCL_0504,Aliskiren,12,0.5555555555555556,0.3333333333333333,0.4444444444444444,0.6666666666666666,,,,,,
tier2_unseen_drugs,CVCL_0504,Saquinavir,13,0.5555555555555556,0.4444444444444444,0.1111111111111111,0.1111111111111111,,,,,,
tier2_unseen_drugs,CVCL_0504,Almonertinib (hydrochloride),10,0.7777777777777778,0.4444444444444444,0.7777777777777778,0.0,,,,,,
tier2_unseen_drugs,CVCL_0504,Azithromycin (hydrate),12,0.6666666666666666,0.7777777777777778,0.6666666666666666,0.5555555555555556,,,,,,
tier2_unseen_drugs,CVCL_0504,(R)-Verapamil (hydrochloride),9,0.4444444444444444,0.2222222222222222,0.2222222222222222,0.0,,,,,,
tier2_unseen_drugs,CVCL_0504,Berbamine,18,1.0,1.0,0.8888888888888888,0.7777777777777778,,,,,,
tier2_unseen_drugs,CVCL_0504,Baicalin,15,0.8888888888888888,1.0,0.3333333333333333,0.6666666666666666,,,,,,
tier2_unseen_drugs,CVCL_0504,Lipoic acid,9,0.0,0.3333333333333333,0.5555555555555556,0.0,,,,,,
tier2_unseen_drugs,CVCL_0504,Anethole trithione,13,0.5555555555555556,0.2222222222222222,1.0,0.0,,,,,,
tier2_unseen_drugs,CVCL_1119,Tolcapone,12,0.8,0.8,0.8,0.2,,,,,,
tier2_unseen_drugs,CVCL_1119,Almonertinib (hydrochloride),9,0.0,0.0,0.4,0.0,,,,,,
tier2_unseen_drugs,CVCL_1119,Azithromycin (hydrate),12,1.0,1.0,0.6,0.2,,,,,,
tier2_unseen_drugs,CVCL_1119,(R)-Verapamil (hydrochloride),11,0.4,0.4,0.0,0.0,,,,,,
tier2_unseen_drugs,CVCL_1119,Baicalin,12,0.6,0.6,0.2,0.0,,,,,,
tier2_unseen_drugs,CVCL_1119,Anethole trithione,10,0.4,0.6,1.0,0.0,,,,,,
tier2_unseen_drugs,CVCL_1550,Tolcapone,15,0.5,0.5,1.0,0.0,,,,,,
tier2_unseen_drugs,CVCL_1550,Saquinavir,12,0.8333333333333334,1.0,0.16666666666666666,0.3333333333333333,,,,,,
tier2_unseen_drugs,CVCL_1550,Almonertinib (hydrochloride),14,1.0,0.8333333333333334,0.8333333333333334,0.5,,,,,,
tier2_unseen_drugs,CVCL_1550,Azithromycin (hydrate),9,0.0,0.16666666666666666,0.0,0.0,,,,,,
tier2_unseen_drugs,CVCL_1550,Berbamine,10,1.0,0.6666666666666666,0.5,0.0,,,,,,
tier2_unseen_drugs,CVCL_1550,Baicalin,9,0.3333333333333333,0.0,0.3333333333333333,0.0,,,,,,
tier2_unseen_drugs,CVCL_1550,Lipoic acid,8,0.0,0.5,0.6666666666666666,0.0,,,,,,
tier2_unseen_drugs,CVCL_1285,Tolcapone,13,0.7142857142857143,0.7142857142857143,0.5714285714285714,0.0,,,,,,
tier2_unseen_drugs,CVCL_1285,Almonertinib (hydrochloride),13,0.42857142857142855,0.42857142857142855,0.2857142857142857,0.0,,,,,,
tier2_unseen_drugs,CVCL_1285,Azithromycin (hydrate),14,1.0,0.42857142857142855,1.0,0.0,,,,,,
tier2_unseen_drugs,CVCL_1285,(R)-Verapamil (hydrochloride),14,1.0,0.8571428571428571,0.2857142857142857,0.0,,,,,,
tier2_unseen_drugs,CVCL_1285,Berbamine,11,0.0,0.42857142857142855,0.14285714285714285,0.0,,,,,,
tier2_unseen_drugs,CVCL_1285,Baicalin,11,0.0,0.0,0.8571428571428571,0.0,,,,,,
tier2_unseen_drugs,CVCL_1285,Lipoic acid,15,0.7142857142857143,0.8571428571428571,0.0,0.14285714285714285,,,,,,
tier2_unseen_drugs,CVCL_1285,Anethole trithione,20,1.0,1.0,0.7142857142857143,0.8571428571428571,,,,,,
tier2_unseen_drugs,CVCL_1495,Aliskiren,9,0.3333333333333333,0.3333333333333333,0.3333333333333333,0.0,,,,,,
tier2_unseen_drugs,CVCL_1495,(R)-Verapamil (hydrochloride),8,0.3333333333333333,0.0,0.0,0.0,,,,,,
tier2_unseen_drugs,CVCL_1495,Lipoic acid,9,0.6666666666666666,0.0,1.0,0.0,,,,,,
tier2_unseen_drugs,CVCL_1495,Clonidine (hydrochloride),10,1.0,1.0,0.6666666666666666,0.0,,,,,,
tier2_unseen_drugs,CVCL_0546,Tolcapone,24,0.4,0.4,0.5,0.4,,,,,,
tier2_unseen_drugs,CVCL_0546,Aliskiren,30,0.9,0.6,0.7,0.4,,,,,,
tier2_unseen_drugs,CVCL_0546,Saquinavir,24,0.6,0.1,0.1,0.1,,,,,,
tier2_unseen_drugs,CVCL_0546,Almonertinib (hydrochloride),28,0.8,1.0,0.3,0.5,,,,,,
tier2_unseen_drugs,CVCL_0546,Azithromycin (hydrate),30,1.0,0.7,0.2,0.4,,,,,,
tier2_unseen_drugs,CVCL_0546,(R)-Verapamil (hydrochloride),15,0.0,0.0,0.0,0.0,,,,,,
tier2_unseen_drugs,CVCL_0546,Clonidine (hydrochloride),29,0.9,0.4,1.0,0.1,,,,,,
tier2_unseen_drugs,CVCL_0546,Berbamine,29,1.0,0.4,0.6,0.4,,,,,,
tier2_unseen_drugs,CVCL_0546,Baicalin,23,0.2,0.5,0.8,0.1,,,,,,
tier2_unseen_drugs,CVCL_0546,Lipoic acid,28,1.0,0.9,0.4,0.5,,,,,,
tier2_unseen_drugs,CVCL_0546,Anethole trithione,22,0.9,0.3,0.9,0.1,,,,,,
tier2_unseen_drugs,CVCL_0371,Tolcapone,10,0.2222222222222222,0.4444444444444444,0.6666666666666666,0.2222222222222222,,,,,,
tier2_unseen_drugs,CVCL_0371,Aliskiren,10,0.6666666666666666,0.5555555555555556,0.3333333333333333,0.2222222222222222,,,,,,
tier2_unseen_drugs,CVCL_0371,Saquinavir,16,1.0,1.0,0.0,0.8888888888888888,,,,,,
tier2_unseen_drugs,CVCL_0371,Almonertinib (hydrochloride),14,1.0,0.8888888888888888,0.5555555555555556,0.7777777777777778,,,,,,
tier2_unseen_drugs,CVCL_0371,Azithromycin (hydrate),12,0.6666666666666666,0.4444444444444444,0.1111111111111111,0.1111111111111111,,,,,,
tier2_unseen_drugs,CVCL_0371,(R)-Verapamil (hydrochloride),14,1.0,0.8888888888888888,0.2222222222222222,0.2222222222222222,,,,,,
tier2_unseen_drugs,CVCL_0371,Clonidine (hydrochloride),11,0.1111111111111111,0.1111111111111111,1.0,0.0,,,,,,
tier2_unseen_drugs,CVCL_0371,Baicalin,9,0.3333333333333333,0.2222222222222222,0.3333333333333333,0.0,,,,,,
tier2_unseen_drugs,CVCL_0371,Lipoic acid,11,0.3333333333333333,0.3333333333333333,0.7777777777777778,0.1111111111111111,,,,,,
tier2_unseen_drugs,CVCL_0371,Anethole trithione,10,0.6666666666666666,0.2222222222222222,0.8888888888888888,0.1111111111111111,,,,,,
tier2_unseen_drugs,CVCL_1635,Saquinavir,9,0.3333333333333333,0.0,0.0,0.0,,,,,,
tier2_unseen_drugs,CVCL_1635,Azithromycin (hydrate),8,0.6666666666666666,0.6666666666666666,0.3333333333333333,0.0,,,,,,
tier2_unseen_drugs,CVCL_1635,Clonidine (hydrochloride),10,1.0,0.6666666666666666,0.6666666666666666,0.0,,,,,,
tier2_unseen_drugs,CVCL_1635,Lipoic acid,10,0.0,0.6666666666666666,1.0,0.0,,,,,,
tier2_unseen_drugs,CVCL_0179,Aliskiren,8,0.5,0.25,1.0,0.0,,,,,,
tier2_unseen_drugs,CVCL_0179,Azithromycin (hydrate),8,0.25,0.5,0.0,0.0,,,,,,
tier2_unseen_drugs,CVCL_0179,(R)-Verapamil (hydrochloride),8,0.75,0.25,0.25,0.0,,,,,,
tier2_unseen_drugs,CVCL_0179,Berbamine,8,0.25,0.25,0.75,0.0,,,,,,
tier2_unseen_drugs,CVCL_0179,Baicalin,11,1.0,1.0,0.5,0.0,,,,,,
tier2_unseen_drugs,CVCL_0023,Tolcapone,11,0.1,0.1,0.5,0.0,,,,,,
tier2_unseen_drugs,CVCL_0023,Aliskiren,10,0.7,0.7,1.0,0.0,,,,,,
tier2_unseen_drugs,CVCL_0023,Saquinavir,13,0.8,0.8,0.2,0.5,,,,,,
tier2_unseen_drugs,CVCL_0023,Almonertinib (hydrochloride),9,0.0,0.7,0.6,0.0,,,,,,
tier2_unseen_drugs,CVCL_0023,Azithromycin (hydrate),11,0.2,0.4,0.1,0.3,,,,,,
tier2_unseen_drugs,CVCL_0023,(R)-Verapamil (hydrochloride),14,1.0,0.9,0.0,0.8,,,,,,
tier2_unseen_drugs,CVCL_0023,Berbamine,8,0.6,0.0,0.3,0.0,,,,,,
tier2_unseen_drugs,CVCL_0023,Baicalin,10,0.4,0.2,0.7,0.1,,,,,,
tier2_unseen_drugs,CVCL_0023,Lipoic acid,12,0.9,0.8,0.4,0.5,,,,,,
tier2_unseen_drugs,CVCL_0023,Anethole trithione,11,0.5,0.1,0.8,0.0,,,,,,
tier2_unseen_drugs,CVCL_0023,Clonidine (hydrochloride),12,0.7,0.6,0.9,0.4,,,,,,
tier2_unseen_drugs,CVCL_0366,Tolcapone,9,0.0,0.3333333333333333,0.3333333333333333,0.0,,,,,,
tier2_unseen_drugs,CVCL_0366,Saquinavir,8,0.6666666666666666,0.6666666666666666,0.0,0.0,,,,,,
tier2_unseen_drugs,CVCL_0366,(R)-Verapamil (hydrochloride),13,1.0,1.0,0.6666666666666666,0.0,,,,,,
tier2_unseen_drugs,CVCL_0366,Anethole trithione,10,0.6666666666666666,0.3333333333333333,1.0,0.0,,,,,,
tier2_unseen_drugs,CVCL_1693,Tolcapone,8,0.5,0.0,0.0,0.0,,,,,,
tier2_unseen_drugs,CVCL_1693,(R)-Verapamil (hydrochloride),8,0.5,0.5,0.5,0.0,,,,,,
tier2_unseen_drugs,CVCL_1693,Clonidine (hydrochloride),10,1.0,0.5,1.0,0.0,,,,,,
tier2_unseen_drugs,CVCL_1381,Tolcapone,9,0.25,0.25,1.0,0.0,,,,,,
tier2_unseen_drugs,CVCL_1381,Aliskiren,12,0.75,1.0,0.5,0.0,,,,,,
tier2_unseen_drugs,CVCL_1381,Azithromycin (hydrate),12,1.0,0.25,0.75,0.0,,,,,,
tier2_unseen_drugs,CVCL_1381,Berbamine,10,0.75,0.5,0.25,0.0,,,,,,
tier2_unseen_drugs,CVCL_1381,Anethole trithione,8,0.0,0.25,0.0,0.0,,,,,,
tier2_unseen_drugs,CVCL_0131,Tolcapone,15,0.5,0.8333333333333334,0.8333333333333334,0.0,,,,,,
tier2_unseen_drugs,CVCL_0131,Saquinavir,13,1.0,0.6666666666666666,0.16666666666666666,0.0,,,,,,
tier2_unseen_drugs,CVCL_0131,Almonertinib (hydrochloride),12,0.3333333333333333,1.0,0.6666666666666666,0.0,,,,,,
tier2_unseen_drugs,CVCL_0131,(R)-Verapamil (hydrochloride),13,0.8333333333333334,0.16666666666666666,0.3333333333333333,0.0,,,,,,
tier2_unseen_drugs,CVCL_0131,Berbamine,12,1.0,0.3333333333333333,0.5,0.0,,,,,,
tier2_unseen_drugs,CVCL_0131,Lipoic acid,12,0.0,1.0,0.16666666666666666,0.0,,,,,,
tier2_unseen_drugs,CVCL_0131,Anethole trithione,14,0.0,0.3333333333333333,1.0,0.0,,,,,,
tier2_unseen_drugs,CVCL_1731,Aliskiren,12,0.5,1.0,0.5,0.0,,,,,,
tier2_unseen_drugs,CVCL_1731,Saquinavir,12,1.0,1.0,0.0,0.0,,,,,,
tier2_unseen_drugs,CVCL_1731,Almonertinib (hydrochloride),14,1.0,1.0,1.0,0.0,,,,,,
tier2_unseen_drugs,CVCL_0320,Aliskiren,13,1.0,1.0,0.3333333333333333,0.0,,,,,,
tier2_unseen_drugs,CVCL_0320,Saquinavir,8,0.16666666666666666,0.0,0.6666666666666666,0.0,,,,,,
tier2_unseen_drugs,CVCL_0320,Almonertinib (hydrochloride),8,0.0,0.0,0.8333333333333334,0.0,,,,,,
tier2_unseen_drugs,CVCL_0320,(R)-Verapamil (hydrochloride),10,0.3333333333333333,0.6666666666666666,0.0,0.0,,,,,,
tier2_unseen_drugs,CVCL_0320,Berbamine,12,0.6666666666666666,0.5,0.5,0.16666666666666666,,,,,,
tier2_unseen_drugs,CVCL_0320,Baicalin,13,0.8333333333333334,0.5,0.16666666666666666,0.3333333333333333,,,,,,
tier2_unseen_drugs,CVCL_0320,Lipoic acid,15,0.6666666666666666,0.3333333333333333,1.0,0.3333333333333333,,,,,,
tier2_unseen_drugs,CVCL_1098,Saquinavir,10,0.8571428571428571,1.0,0.7142857142857143,0.7142857142857143,,,,,,
tier2_unseen_drugs,CVCL_1098,Almonertinib (hydrochloride),9,0.7142857142857143,0.42857142857142855,0.5714285714285714,0.0,,,,,,
tier2_unseen_drugs,CVCL_1098,Azithromycin (hydrate),13,1.0,0.8571428571428571,0.14285714285714285,0.2857142857142857,,,,,,
tier2_unseen_drugs,CVCL_1098,(R)-Verapamil (hydrochloride),9,1.0,0.14285714285714285,0.2857142857142857,0.0,,,,,,
tier2_unseen_drugs,CVCL_1098,Clonidine (hydrochloride),10,0.0,0.2857142857142857,1.0,0.0,,,,,,
tier2_unseen_drugs,CVCL_1098,Berbamine,8,0.7142857142857143,0.5714285714285714,0.42857142857142855,0.0,,,,,,
tier2_unseen_drugs,CVCL_1098,Baicalin,9,0.14285714285714285,0.2857142857142857,0.8571428571428571,0.0,,,,,,
tier2_unseen_drugs,CVCL_1098,Lipoic acid,9,0.0,0.42857142857142855,0.0,0.0,,,,,,
tier2_unseen_drugs,CVCL_1056,Aliskiren,12,0.625,0.375,0.875,0.125,,,,,,
tier2_unseen_drugs,CVCL_1056,Saquinavir,9,0.375,0.75,0.0,0.0,,,,,,
tier2_unseen_drugs,CVCL_1056,Azithromycin (hydrate),9,0.0,0.0,0.625,0.0,,,,,,
tier2_unseen_drugs,CVCL_1056,(R)-Verapamil (hydrochloride),15,1.0,1.0,0.375,0.875,,,,,,
tier2_unseen_drugs,CVCL_1056,Clonidine (hydrochloride),8,0.375,0.0,0.5,0.0,,,,,,
tier2_unseen_drugs,CVCL_1056,Berbamine,10,0.5,0.625,0.125,0.125,,,,,,
tier2_unseen_drugs,CVCL_1056,Baicalin,11,0.625,0.25,0.75,0.125,,,,,,
tier2_unseen_drugs,CVCL_1056,Lipoic acid,11,0.5,0.5,0.25,0.25,,,,,,
tier2_unseen_drugs,CVCL_1056,Anethole trithione,17,1.0,0.75,0.875,0.875,,,,,,
tier2_unseen_drugs,CVCL_0069,Almonertinib (hydrochloride),12,1.0,1.0,0.5,0.0,,,,,,
tier2_unseen_drugs,CVCL_0069,Berbamine,8,0.5,0.0,0.0,0.0,,,,,,
tier2_unseen_drugs,CVCL_0069,Clonidine (hydrochloride),8,0.5,0.5,1.0,0.0,,,,,,
tier2_unseen_drugs,CVCL_0292,Clonidine (hydrochloride),12,1.0,1.0,0.5,0.0,,,,,,
tier2_unseen_drugs,CVCL_0292,Lipoic acid,8,0.0,0.0,0.0,0.0,,,,,,
tier2_unseen_drugs,CVCL_0292,Anethole trithione,11,0.5,0.5,1.0,0.0,,,,,,
tier2_unseen_drugs,CVCL_1717,Tolcapone,8,0.16666666666666666,0.16666666666666666,0.0,0.0,,,,,,
tier2_unseen_drugs,CVCL_1717,Aliskiren,10,0.6666666666666666,0.5,1.0,0.0,,,,,,
tier2_unseen_drugs,CVCL_1717,Almonertinib (hydrochloride),11,0.8333333333333334,0.8333333333333334,0.6666666666666666,0.16666666666666666,,,,,,
tier2_unseen_drugs,CVCL_1717,Azithromycin (hydrate),14,1.0,1.0,0.16666666666666666,0.6666666666666666,,,,,,
tier2_unseen_drugs,CVCL_1717,Baicalin,10,0.6666666666666666,0.6666666666666666,0.5,0.0,,,,,,
tier2_unseen_drugs,CVCL_1717,Anethole trithione,8,0.16666666666666666,0.0,0.3333333333333333,0.0,,,,,,
tier2_unseen_drugs,CVCL_1717,Clonidine (hydrochloride),8,0.3333333333333333,0.0,0.8333333333333334,0.0,,,,,,
tier2_unseen_drugs,CVCL_0397,Saquinavir,13,1.0,1.0,0.0,0.0,,,,,,
tier2_unseen_drugs,CVCL_0397,Azithromycin (hydrate),8,1.0,0.6666666666666666,0.6666666666666666,0.0,,,,,,
tier2_unseen_drugs,CVCL_0397,Berbamine,8,0.6666666666666666,0.6666666666666666,0.3333333333333333,0.0,,,,,,
tier2_unseen_drugs,CVCL_0397,Lipoic acid,9,0.0,0.0,1.0,0.0,,,,,,
tier2_unseen_drugs,CVCL_0152,Tolcapone,12,0.2857142857142857,0.2857142857142857,0.14285714285714285,0.0,,,,,,
tier2_unseen_drugs,CVCL_0152,Almonertinib (hydrochloride),12,0.42857142857142855,0.2857142857142857,0.0,0.14285714285714285,,,,,,
tier2_unseen_drugs,CVCL_0152,Azithromycin (hydrate),20,1.0,0.8571428571428571,0.2857142857142857,0.7142857142857143,,,,,,
tier2_unseen_drugs,CVCL_0152,(R)-Verapamil (hydrochloride),9,0.0,0.0,0.42857142857142855,0.0,,,,,,
tier2_unseen_drugs,CVCL_0152,Baicalin,15,0.8571428571428571,0.8571428571428571,0.7142857142857143,0.42857142857142855,,,,,,
tier2_unseen_drugs,CVCL_0152,Lipoic acid,21,1.0,1.0,1.0,0.5714285714285714,,,,,,
tier2_unseen_drugs,CVCL_0152,Anethole trithione,14,0.5714285714285714,0.42857142857142855,0.5714285714285714,0.14285714285714285,,,,,,
tier2_unseen_drugs,CVCL_0152,Clonidine (hydrochloride),12,0.2857142857142857,0.14285714285714285,0.8571428571428571,0.0,,,,,,
tier2_unseen_drugs,CVCL_1097,Tolcapone,8,0.1111111111111111,0.0,0.2222222222222222,0.0,,,,,,
tier2_unseen_drugs,CVCL_1097,Aliskiren,13,0.7777777777777778,0.8888888888888888,0.7777777777777778,0.4444444444444444,,,,,,
tier2_unseen_drugs,CVCL_1097,Saquinavir,10,0.6666666666666666,0.5555555555555556,0.0,0.0,,,,,,
tier2_unseen_drugs,CVCL_1097,Almonertinib (hydrochloride),10,0.2222222222222222,0.0,1.0,0.0,,,,,,
tier2_unseen_drugs,CVCL_1097,Azithromycin (hydrate),10,0.6666666666666666,0.5555555555555556,0.5555555555555556,0.3333333333333333,,,,,,
tier2_unseen_drugs,CVCL_1097,(R)-Verapamil (hydrochloride),12,0.8888888888888888,0.4444444444444444,0.1111111111111111,0.4444444444444444,,,,,,
tier2_unseen_drugs,CVCL_1097,Clonidine (hydrochloride),12,0.5555555555555556,0.6666666666666666,0.8888888888888888,0.2222222222222222,,,,,,
tier2_unseen_drugs,CVCL_1097,Baicalin,12,0.7777777777777778,0.7777777777777778,0.4444444444444444,0.5555555555555556,,,,,,
tier2_unseen_drugs,CVCL_1097,Lipoic acid,8,0.2222222222222222,0.2222222222222222,0.6666666666666666,0.0,,,,,,
tier2_unseen_drugs,CVCL_1097,Anethole trithione,12,0.6666666666666666,1.0,0.3333333333333333,0.5555555555555556,,,,,,
tier2_unseen_drugs,CVCL_0428,Azithromycin (hydrate),10,1.0,1.0,0.5,0.0,,,,,,
tier2_unseen_drugs,CVCL_0428,Berbamine,8,0.0,0.0,0.0,0.0,,,,,,
tier2_unseen_drugs,CVCL_0428,Anethole trithione,8,1.0,0.5,1.0,0.0,,,,,,
tier2_unseen_drugs,CVCL_1666,Tolcapone,8,0.2,0.6,0.4,0.0,,,,,,
tier2_unseen_drugs,CVCL_1666,Saquinavir,10,1.0,0.2,0.0,0.0,,,,,,
tier2_unseen_drugs,CVCL_1666,Almonertinib (hydrochloride),9,0.4,1.0,0.8,0.0,,,,,,
tier2_unseen_drugs,CVCL_1666,Azithromycin (hydrate),8,0.0,0.4,1.0,0.0,,,,,,
tier2_unseen_drugs,CVCL_1666,(R)-Verapamil (hydrochloride),10,0.6,0.0,0.2,0.0,,,,,,
tier2_unseen_drugs,CVCL_1666,Berbamine,10,1.0,0.8,0.6,0.0,,,,,,
tier2_unseen_drugs,CVCL_0399,Naproxen,13,0.7777777777777778,0.4444444444444444,0.6666666666666666,0.3333333333333333,,,,,,
tier2_unseen_drugs,CVCL_0399,Fenofibrate,8,0.1111111111111111,0.1111111111111111,0.2222222222222222,0.0,,,,,,
tier2_unseen_drugs,CVCL_0399,Canagliflozin,22,1.0,1.0,0.4444444444444444,0.7777777777777778,,,,,,
tier2_unseen_drugs,CVCL_0399,Verteporfin,13,0.4444444444444444,0.6666666666666666,0.0,0.0,,,,,,
tier2_unseen_drugs,CVCL_0399,Dexmedetomidine,11,0.4444444444444444,0.0,0.8888888888888888,0.0,,,,,,
tier2_unseen_drugs,CVCL_0399,"Dapagliflozin ((2S)-1,2-propanediol, hydrate)",10,0.1111111111111111,0.0,1.0,0.0,,,,,,
tier2_unseen_drugs,CVCL_0399,Mozavaptan,16,1.0,1.0,0.7777777777777778,0.7777777777777778,,,,,,
tier2_unseen_drugs,CVCL_0399,Docetaxel (Trihydrate),14,0.8888888888888888,0.6666666666666666,0.3333333333333333,0.5555555555555556,,,,,,
tier2_unseen_drugs,CVCL_0399,Eplerenone,10,0.1111111111111111,0.3333333333333333,0.1111111111111111,0.0,,,,,,
tier2_unseen_drugs,CVCL_0399,Tetracycline (hydrochloride),12,0.7777777777777778,0.6666666666666666,0.5555555555555556,0.4444444444444444,,,,,,
tier2_unseen_drugs,CVCL_1056,Naproxen,13,0.45454545454545453,0.2727272727272727,0.0,0.0,,,,,,
tier2_unseen_drugs,CVCL_1056,Fenofibrate,13,0.5454545454545454,0.2727272727272727,0.8181818181818182,0.09090909090909091,,,,,,
tier2_unseen_drugs,CVCL_1056,Canagliflozin,22,1.0,1.0,0.09090909090909091,0.8181818181818182,,,,,,
tier2_unseen_drugs,CVCL_1056,Verteporfin,10,0.2727272727272727,0.36363636363636365,0.2727272727272727,0.0,,,,,,
tier2_unseen_drugs,CVCL_1056,Dexmedetomidine,13,0.8181818181818182,0.45454545454545453,0.7272727272727273,0.2727272727272727,,,,,,
tier2_unseen_drugs,CVCL_1056,"Dapagliflozin ((2S)-1,2-propanediol, hydrate)",14,0.8181818181818182,0.9090909090909091,0.36363636363636365,0.45454545454545453,,,,,,
tier2_unseen_drugs,CVCL_1056,Mozavaptan,9,0.2727272727272727,0.45454545454545453,0.18181818181818182,0.0,,,,,,
tier2_unseen_drugs,CVCL_1056,Docetaxel (Trihydrate),13,0.5454545454545454,0.8181818181818182,0.6363636363636364,0.36363636363636365,,,,,,
tier2_unseen_drugs,CVCL_1056,Eplerenone,15,0.9090909090909091,0.9090909090909091,0.45454545454545453,0.6363636363636364,,,,,,
tier2_unseen_drugs,CVCL_1056,Sivelestat (sodium tetrahydrate),18,1.0,0.7272727272727273,1.0,0.6363636363636364,,,,,,
tier2_unseen_drugs,CVCL_1056,Tetracycline (hydrochloride),11,0.5454545454545454,0.09090909090909091,0.5454545454545454,0.0,,,,,,
tier2_unseen_drugs,CVCL_1056,Berbamine (dihydrochloride),10,0.18181818181818182,0.0,0.9090909090909091,0.0,,,,,,
tier2_unseen_drugs,CVCL_0023,Naproxen,8,0.14285714285714285,0.14285714285714285,0.0,0.0,,,,,,
tier2_unseen_drugs,CVCL_0023,Fenofibrate,12,0.7142857142857143,0.7142857142857143,1.0,0.0,,,,,,
tier2_unseen_drugs,CVCL_0023,Dexmedetomidine,10,0.2857142857142857,0.0,0.14285714285714285,0.0,,,,,,
tier2_unseen_drugs,CVCL_0023,"Dapagliflozin ((2S)-1,2-propanediol, hydrate)",8,0.8571428571428571,0.2857142857142857,0.42857142857142855,0.0,,,,,,
tier2_unseen_drugs,CVCL_0023,Mozavaptan,14,1.0,0.8571428571428571,0.7142857142857143,0.5714285714285714,,,,,,
tier2_unseen_drugs,CVCL_0023,Sivelestat (sodium tetrahydrate),13,0.8571428571428571,0.7142857142857143,0.8571428571428571,0.0,,,,,,
tier2_unseen_drugs,CVCL_0023,Tetracycline (hydrochloride),11,0.8571428571428571,0.42857142857142855,0.2857142857142857,0.0,,,,,,
tier2_unseen_drugs,CVCL_0023,Berbamine (dihydrochloride),11,0.42857142857142855,0.2857142857142857,0.5714285714285714,0.0,,,,,,
tier2_unseen_drugs,CVCL_0371,Naproxen,11,0.6666666666666666,0.6666666666666666,0.3333333333333333,0.0,,,,,,
tier2_unseen_drugs,CVCL_0371,Canagliflozin,11,0.6666666666666666,0.6666666666666666,0.16666666666666666,0.0,,,,,,
tier2_unseen_drugs,CVCL_0371,Dexmedetomidine,11,0.5,0.5,0.8333333333333334,0.0,,,,,,
tier2_unseen_drugs,CVCL_0371,Docetaxel (Trihydrate),9,0.16666666666666666,0.16666666666666666,0.0,0.0,,,,,,
tier2_unseen_drugs,CVCL_0371,Sivelestat (sodium tetrahydrate),8,0.0,0.0,0.5,0.0,,,,,,
tier2_unseen_drugs,CVCL_0371,Tetracycline (hydrochloride),14,1.0,1.0,1.0,0.5,,,,,,
tier2_unseen_drugs,CVCL_0371,Berbamine (dihydrochloride),11,0.8333333333333334,0.8333333333333334,0.6666666666666666,0.0,,,,,,
tier2_unseen_drugs,CVCL_0480,Naproxen,30,1.0,0.7272727272727273,0.5454545454545454,0.8181818181818182,,,,,,
tier2_unseen_drugs,CVCL_0480,Fenofibrate,12,0.0,0.0,0.18181818181818182,0.0,,,,,,
tier2_unseen_drugs,CVCL_0480,Canagliflozin,24,0.7272727272727273,0.5454545454545454,0.2727272727272727,0.5454545454545454,,,,,,
tier2_unseen_drugs,CVCL_0480,Verteporfin,16,0.09090909090909091,0.2727272727272727,0.0,0.0,,,,,,
tier2_unseen_drugs,CVCL_0480,Dexmedetomidine,24,0.7272727272727273,0.6363636363636364,0.7272727272727273,0.5454545454545454,,,,,,
tier2_unseen_drugs,CVCL_0480,"Dapagliflozin ((2S)-1,2-propanediol, hydrate)",30,0.9090909090909091,0.9090909090909091,0.36363636363636365,0.8181818181818182,,,,,,
tier2_unseen_drugs,CVCL_0480,Mozavaptan,25,0.7272727272727273,0.5454545454545454,0.45454545454545453,0.5454545454545454,,,,,,
tier2_unseen_drugs,CVCL_0480,Docetaxel (Trihydrate),18,0.36363636363636365,0.0,0.8181818181818182,0.09090909090909091,,,,,,
tier2_unseen_drugs,CVCL_0480,Eplerenone,15,0.0,0.09090909090909091,0.09090909090909091,0.09090909090909091,,,,,,
tier2_unseen_drugs,CVCL_0480,Sivelestat (sodium tetrahydrate),16,0.2727272727272727,0.18181818181818182,0.9090909090909091,0.0,,,,,,
tier2_unseen_drugs,CVCL_0480,Tetracycline (hydrochloride),27,0.8181818181818182,0.7272727272727273,0.6363636363636364,0.8181818181818182,,,,,,
tier2_unseen_drugs,CVCL_0480,Berbamine (dihydrochloride),21,0.45454545454545453,0.18181818181818182,1.0,0.09090909090909091,,,,,,
tier2_unseen_drugs,CVCL_0397,Fenofibrate,10,0.5714285714285714,0.0,0.8571428571428571,0.0,,,,,,
tier2_unseen_drugs,CVCL_0397,Canagliflozin,8,0.2857142857142857,0.14285714285714285,0.7142857142857143,0.0,,,,,,
tier2_unseen_drugs,CVCL_0397,"Dapagliflozin ((2S)-1,2-propanediol, hydrate)",9,0.42857142857142855,0.14285714285714285,0.2857142857142857,0.0,,,,,,
tier2_unseen_drugs,CVCL_0397,Mozavaptan,9,0.0,0.14285714285714285,0.42857142857142855,0.0,,,,,,
tier2_unseen_drugs,CVCL_0397,Docetaxel (Trihydrate),8,0.42857142857142855,0.14285714285714285,0.14285714285714285,0.0,,,,,,
tier2_unseen_drugs,CVCL_0397,Eplerenone,12,0.8571428571428571,0.8571428571428571,0.7142857142857143,0.42857142857142855,,,,,,
tier2_unseen_drugs,CVCL_0397,Sivelestat (sodium tetrahydrate),13,1.0,1.0,1.0,0.5714285714285714,,,,,,
tier2_unseen_drugs,CVCL_0397,Tetracycline (hydrochloride),9,0.5714285714285714,0.7142857142857143,0.0,0.0,,,,,,
tier2_unseen_drugs,CVCL_0428,Naproxen,24,0.8181818181818182,0.8181818181818182,0.8181818181818182,0.6363636363636364,,,,,,
tier2_unseen_drugs,CVCL_0428,Fenofibrate,17,0.6363636363636364,0.45454545454545453,0.5454545454545454,0.18181818181818182,,,,,,
tier2_unseen_drugs,CVCL_0428,Canagliflozin,15,0.45454545454545453,0.45454545454545453,0.18181818181818182,0.09090909090909091,,,,,,
tier2_unseen_drugs,CVCL_0428,Verteporfin,21,0.8181818181818182,0.8181818181818182,0.6363636363636364,0.6363636363636364,,,,,,
tier2_unseen_drugs,CVCL_0428,Dexmedetomidine,16,0.45454545454545453,0.5454545454545454,0.45454545454545453,0.18181818181818182,,,,,,
tier2_unseen_drugs,CVCL_0428,"Dapagliflozin ((2S)-1,2-propanediol, hydrate)",29,1.0,1.0,0.36363636363636365,1.0,,,,,,
tier2_unseen_drugs,CVCL_0428,Mozavaptan,12,0.2727272727272727,0.36363636363636365,0.09090909090909091,0.09090909090909091,,,,,,
tier2_unseen_drugs,CVCL_0428,Docetaxel (Trihydrate),13,0.5454545454545454,0.09090909090909091,0.9090909090909091,0.09090909090909091,,,,,,
tier2_unseen_drugs,CVCL_0428,Eplerenone,19,0.9090909090909091,0.36363636363636365,0.0,0.5454545454545454,,,,,,
tier2_unseen_drugs,CVCL_0428,Sivelestat (sodium tetrahydrate),13,0.18181818181818182,0.09090909090909091,0.2727272727272727,0.09090909090909091,,,,,,
tier2_unseen_drugs,CVCL_0428,Tetracycline (hydrochloride),10,0.0,0.0,0.7272727272727273,0.0,,,,,,
tier2_unseen_drugs,CVCL_0428,Berbamine (dihydrochloride),24,1.0,1.0,1.0,0.7272727272727273,,,,,,
tier2_unseen_drugs,CVCL_0459,Naproxen,12,0.18181818181818182,0.18181818181818182,0.36363636363636365,0.09090909090909091,,,,,,
tier2_unseen_drugs,CVCL_0459,Fenofibrate,24,0.6363636363636364,0.9090909090909091,0.6363636363636364,0.36363636363636365,,,,,,
tier2_unseen_drugs,CVCL_0459,Canagliflozin,16,0.36363636363636365,0.2727272727272727,0.09090909090909091,0.2727272727272727,,,,,,
tier2_unseen_drugs,CVCL_0459,Verteporfin,27,1.0,0.9090909090909091,0.8181818181818182,0.45454545454545453,,,,,,
tier2_unseen_drugs,CVCL_0459,Dexmedetomidine,22,0.9090909090909091,1.0,0.6363636363636364,0.36363636363636365,,,,,,
tier2_unseen_drugs,CVCL_0459,"Dapagliflozin ((2S)-1,2-propanediol, hydrate)",11,0.0,0.0,0.0,0.0,,,,,,
tier2_unseen_drugs,CVCL_0459,Mozavaptan,26,0.5454545454545454,0.36363636363636365,0.18181818181818182,0.36363636363636365,,,,,,
tier2_unseen_drugs,CVCL_0459,Docetaxel (Trihydrate),15,0.09090909090909091,0.18181818181818182,0.5454545454545454,0.0,,,,,,
tier2_unseen_drugs,CVCL_0459,Eplerenone,24,1.0,0.7272727272727273,0.2727272727272727,0.36363636363636365,,,,,,
tier2_unseen_drugs,CVCL_0459,Sivelestat (sodium tetrahydrate),30,0.7272727272727273,0.8181818181818182,1.0,0.36363636363636365,,,,,,
tier2_unseen_drugs,CVCL_0459,Tetracycline (hydrochloride),25,0.6363636363636364,0.36363636363636365,0.45454545454545453,0.36363636363636365,,,,,,
tier2_unseen_drugs,CVCL_0459,Berbamine (dihydrochloride),25,0.8181818181818182,0.36363636363636365,0.9090909090909091,0.36363636363636365,,,,,,
tier2_unseen_drugs,CVCL_0334,Naproxen,12,0.2727272727272727,0.2727272727272727,0.36363636363636365,0.18181818181818182,,,,,,
tier2_unseen_drugs,CVCL_0334,Fenofibrate,24,1.0,1.0,1.0,1.0,,,,,,
tier2_unseen_drugs,CVCL_0334,Canagliflozin,13,0.8181818181818182,0.2727272727272727,0.0,0.2727272727272727,,,,,,
tier2_unseen_drugs,CVCL_0334,Verteporfin,17,0.6363636363636364,0.6363636363636364,0.45454545454545453,0.5454545454545454,,,,,,
tier2_unseen_drugs,CVCL_0334,Dexmedetomidine,13,0.36363636363636365,0.45454545454545453,0.2727272727272727,0.18181818181818182,,,,,,
tier2_unseen_drugs,CVCL_0334,"Dapagliflozin ((2S)-1,2-propanediol, hydrate)",11,0.2727272727272727,0.0,0.5454545454545454,0.0,,,,,,
tier2_unseen_drugs,CVCL_0334,Mozavaptan,9,0.18181818181818182,0.09090909090909091,0.0,0.0,,,,,,
tier2_unseen_drugs,CVCL_0334,Docetaxel (Trihydrate),15,0.45454545454545453,0.7272727272727273,1.0,0.18181818181818182,,,,,,
tier2_unseen_drugs,CVCL_0334,Eplerenone,17,1.0,0.6363636363636364,0.18181818181818182,0.6363636363636364,,,,,,
tier2_unseen_drugs,CVCL_0334,Sivelestat (sodium tetrahydrate),18,0.9090909090909091,0.8181818181818182,0.6363636363636364,0.7272727272727273,,,,,,
tier2_unseen_drugs,CVCL_0334,Tetracycline (hydrochloride),15,0.45454545454545453,0.6363636363636364,0.8181818181818182,0.45454545454545453,,,,,,
tier2_unseen_drugs,CVCL_0334,Berbamine (dihydrochloride),13,0.36363636363636365,0.45454545454545453,0.7272727272727273,0.0,,,,,,
tier2_unseen_drugs,CVCL_0320,Naproxen,9,0.625,0.375,0.25,0.0,,,,,,
tier2_unseen_drugs,CVCL_0320,Fenofibrate,9,0.5,0.125,0.75,0.0,,,,,,
tier2_unseen_drugs,CVCL_0320,Canagliflozin,15,1.0,1.0,0.125,1.0,,,,,,
tier2_unseen_drugs,CVCL_0320,Verteporfin,8,0.375,0.625,0.75,0.0,,,,,,
tier2_unseen_drugs,CVCL_0320,"Dapagliflozin ((2S)-1,2-propanediol, hydrate)",9,0.625,0.75,0.0,0.0,,,,,,
tier2_unseen_drugs,CVCL_0320,Mozavaptan,10,0.375,0.25,0.5,0.0,,,,,,
tier2_unseen_drugs,CVCL_0320,Eplerenone,9,0.5,0.25,0.375,0.0,,,,,,
tier2_unseen_drugs,CVCL_0320,Sivelestat (sodium tetrahydrate),10,0.5,0.5,1.0,0.0,,,,,,
tier2_unseen_drugs,CVCL_0320,Tetracycline (hydrochloride),10,1.0,0.5,0.875,0.0,,,,,,
tier2_unseen_drugs,CVCL_0546,Naproxen,29,0.5454545454545454,0.45454545454545453,0.09090909090909091,0.36363636363636365,,,,,,
tier2_unseen_drugs,CVCL_0546,Fenofibrate,23,0.7272727272727273,0.7272727272727273,1.0,0.0,,,,,,
tier2_unseen_drugs,CVCL_0546,Canagliflozin,21,0.45454545454545453,0.5454545454545454,0.5454545454545454,0.18181818181818182,,,,,,
tier2_unseen_drugs,CVCL_0546,Verteporfin,22,0.2727272727272727,0.5454545454545454,0.7272727272727273,0.18181818181818182,,,,,,
tier2_unseen_drugs,CVCL_0546,Dexmedetomidine,27,0.8181818181818182,0.8181818181818182,0.6363636363636364,0.36363636363636365,,,,,,
tier2_unseen_drugs,CVCL_0546,"Dapagliflozin ((2S)-1,2-propanediol, hydrate)",17,0.18181818181818182,0.0,0.09090909090909091,0.0,,,,,,
tier2_unseen_drugs,CVCL_0546,Mozavaptan,22,0.18181818181818182,0.18181818181818182,0.45454545454545453,0.18181818181818182,,,,,,
tier2_unseen_drugs,CVCL_0546,Docetaxel (Trihydrate),29,0.7272727272727273,0.8181818181818182,0.8181818181818182,0.2727272727272727,,,,,,
tier2_unseen_drugs,CVCL_0546,Eplerenone,23,1.0,0.36363636363636365,0.2727272727272727,0.18181818181818182,,,,,,
tier2_unseen_drugs,CVCL_0546,Sivelestat (sodium tetrahydrate),20,0.18181818181818182,0.09090909090909091,0.0,0.18181818181818182,,,,,,
tier2_unseen_drugs,CVCL_0546,Tetracycline (hydrochloride),28,0.8181818181818182,0.45454545454545453,0.45454545454545453,0.45454545454545453,,,,,,
tier2_unseen_drugs,CVCL_0546,Berbamine (dihydrochloride),30,1.0,1.0,0.9090909090909091,0.18181818181818182,,,,,,
tier2_unseen_drugs,CVCL_1517,Verteporfin,8,0.5,1.0,0.0,0.0,,,,,,
tier2_unseen_drugs,CVCL_1517,Docetaxel (Trihydrate),9,0.0,0.0,1.0,0.0,,,,,,
tier2_unseen_drugs,CVCL_1517,Berbamine (dihydrochloride),8,1.0,0.5,0.5,0.0,,,,,,
tier2_unseen_drugs,CVCL_1285,Naproxen,16,0.7272727272727273,0.5454545454545454,0.09090909090909091,0.36363636363636365,,,,,,
tier2_unseen_drugs,CVCL_1285,Fenofibrate,8,0.09090909090909091,0.0,0.5454545454545454,0.0,,,,,,
tier2_unseen_drugs,CVCL_1285,Canagliflozin,15,0.45454545454545453,0.18181818181818182,0.0,0.2727272727272727,,,,,,
tier2_unseen_drugs,CVCL_1285,Verteporfin,16,0.7272727272727273,0.36363636363636365,0.6363636363636364,0.2727272727272727,,,,,,
tier2_unseen_drugs,CVCL_1285,Dexmedetomidine,25,1.0,1.0,0.7272727272727273,0.8181818181818182,,,,,,
tier2_unseen_drugs,CVCL_1285,"Dapagliflozin ((2S)-1,2-propanediol, hydrate)",20,0.9090909090909091,0.8181818181818182,0.18181818181818182,0.7272727272727273,,,,,,
tier2_unseen_drugs,CVCL_1285,Mozavaptan,14,0.5454545454545454,0.45454545454545453,0.18181818181818182,0.2727272727272727,,,,,,
tier2_unseen_drugs,CVCL_1285,Docetaxel (Trihydrate),26,1.0,1.0,0.45454545454545453,0.9090909090909091,,,,,,
tier2_unseen_drugs,CVCL_1285,Eplerenone,14,0.36363636363636365,0.45454545454545453,0.8181818181818182,0.2727272727272727,,,,,,
tier2_unseen_drugs,CVCL_1285,Sivelestat (sodium tetrahydrate),11,0.18181818181818182,0.36363636363636365,1.0,0.09090909090909091,,,,,,
tier2_unseen_drugs,CVCL_1285,Tetracycline (hydrochloride),11,0.09090909090909091,0.09090909090909091,0.9090909090909091,0.0,,,,,,
tier2_unseen_drugs,CVCL_1285,Berbamine (dihydrochloride),20,0.7272727272727273,0.7272727272727273,0.36363636363636365,0.5454545454545454,,,,,,
tier2_unseen_drugs,CVCL_0293,Naproxen,8,0.0,0.0,0.0,0.0,,,,,,
tier2_unseen_drugs,CVCL_0293,Canagliflozin,8,0.3333333333333333,0.5,0.16666666666666666,0.0,,,,,,
tier2_unseen_drugs,CVCL_0293,"Dapagliflozin ((2S)-1,2-propanediol, hydrate)",10,0.8333333333333334,0.6666666666666666,0.5,0.3333333333333333,,,,,,
tier2_unseen_drugs,CVCL_0293,Docetaxel (Trihydrate),12,1.0,1.0,0.3333333333333333,0.6666666666666666,,,,,,
tier2_unseen_drugs,CVCL_0293,Sivelestat (sodium tetrahydrate),10,0.5,0.3333333333333333,1.0,0.0,,,,,,
tier2_unseen_drugs,CVCL_0293,Tetracycline (hydrochloride),9,0.16666666666666666,0.0,0.8333333333333334,0.0,,,,,,
tier2_unseen_drugs,CVCL_0293,Berbamine (dihydrochloride),10,0.6666666666666666,0.6666666666666666,0.6666666666666666,0.5,,,,,,
tier2_unseen_drugs,CVCL_1119,Naproxen,16,1.0,1.0,0.1111111111111111,0.6666666666666666,,,,,,
tier2_unseen_drugs,CVCL_1119,Fenofibrate,11,0.2222222222222222,0.4444444444444444,0.6666666666666666,0.0,,,,,,
tier2_unseen_drugs,CVCL_1119,Canagliflozin,15,0.7777777777777778,0.2222222222222222,0.5555555555555556,0.4444444444444444,,,,,,
tier2_unseen_drugs,CVCL_1119,Verteporfin,14,0.3333333333333333,0.5555555555555556,1.0,0.2222222222222222,,,,,,
tier2_unseen_drugs,CVCL_1119,"Dapagliflozin ((2S)-1,2-propanediol, hydrate)",14,0.8888888888888888,1.0,0.0,0.4444444444444444,,,,,,
tier2_unseen_drugs,CVCL_1119,Mozavaptan,13,0.4444444444444444,0.7777777777777778,0.4444444444444444,0.2222222222222222,,,,,,
tier2_unseen_drugs,CVCL_1119,Docetaxel (Trihydrate),10,0.2222222222222222,0.2222222222222222,0.2222222222222222,0.0,,,,,,
tier2_unseen_drugs,CVCL_1119,Eplerenone,10,0.1111111111111111,0.0,0.3333333333333333,0.0,,,,,,
tier2_unseen_drugs,CVCL_1119,Tetracycline (hydrochloride),10,0.2222222222222222,0.0,0.7777777777777778,0.0,,,,,,
tier2_unseen_drugs,CVCL_1119,Berbamine (dihydrochloride),14,0.8888888888888888,1.0,0.8888888888888888,0.4444444444444444,,,,,,
tier2_unseen_drugs,CVCL_0069,Naproxen,8,0.3333333333333333,0.0,0.16666666666666666,0.0,,,,,,
tier2_unseen_drugs,CVCL_0069,Verteporfin,8,0.0,0.3333333333333333,1.0,0.0,,,,,,
tier2_unseen_drugs,CVCL_0069,Dexmedetomidine,9,0.16666666666666666,0.3333333333333333,0.0,0.0,,,,,,
tier2_unseen_drugs,CVCL_0069,Mozavaptan,11,1.0,0.8333333333333334,0.3333333333333333,0.16666666666666666,,,,,,
tier2_unseen_drugs,CVCL_0069,Eplerenone,9,0.6666666666666666,0.16666666666666666,0.8333333333333334,0.0,,,,,,
tier2_unseen_drugs,CVCL_0069,Sivelestat (sodium tetrahydrate),8,0.5,0.3333333333333333,0.6666666666666666,0.0,,,,,,
tier2_unseen_drugs,CVCL_0069,Tetracycline (hydrochloride),10,0.8333333333333334,1.0,0.5,0.16666666666666666,,,,,,
tier2_unseen_drugs,CVCL_1055,Naproxen,11,0.6666666666666666,0.8333333333333334,0.16666666666666666,0.0,,,,,,
tier2_unseen_drugs,CVCL_1055,Fenofibrate,8,0.3333333333333333,0.5,0.5,0.0,,,,,,
tier2_unseen_drugs,CVCL_1055,Verteporfin,10,0.8333333333333334,0.0,1.0,0.0,,,,,,
tier2_unseen_drugs,CVCL_1055,"Dapagliflozin ((2S)-1,2-propanediol, hydrate)",9,0.3333333333333333,0.6666666666666666,0.3333333333333333,0.0,,,,,,
tier2_unseen_drugs,CVCL_1055,Mozavaptan,13,1.0,1.0,0.8333333333333334,0.5,,,,,,
tier2_unseen_drugs,CVCL_1055,Eplerenone,8,0.8333333333333334,0.0,0.16666666666666666,0.0,,,,,,
tier2_unseen_drugs,CVCL_1055,Sivelestat (sodium tetrahydrate),9,0.6666666666666666,0.6666666666666666,0.6666666666666666,0.0,,,,,,
tier2_unseen_drugs,CVCL_0099,Fenofibrate,8,0.0,0.0,0.0,0.0,,,,,,
tier2_unseen_drugs,CVCL_0099,Dexmedetomidine,8,0.5,0.5,1.0,0.0,,,,,,
tier2_unseen_drugs,CVCL_0099,Docetaxel (Trihydrate),12,1.0,1.0,0.5,0.0,,,,,,
tier2_unseen_drugs,CVCL_1550,Naproxen,8,0.0,0.0,1.0,0.0,,,,,,
tier2_unseen_drugs,CVCL_1550,Fenofibrate,11,0.5,0.2,0.4,0.1,,,,,,
tier2_unseen_drugs,CVCL_1550,Canagliflozin,21,0.9,0.9,0.2,0.7,,,,,,
tier2_unseen_drugs,CVCL_1550,Verteporfin,12,0.7,0.6,0.9,0.2,,,,,,
tier2_unseen_drugs,CVCL_1550,Dexmedetomidine,10,0.4,0.2,0.5,0.1,,,,,,
tier2_unseen_drugs,CVCL_1550,"Dapagliflozin ((2S)-1,2-propanediol, hydrate)",25,1.0,1.0,0.3,1.0,,,,,,
tier2_unseen_drugs,CVCL_1550,Mozavaptan,15,0.8,0.8,0.6,0.6,,,,,,
tier2_unseen_drugs,CVCL_1550,Docetaxel (Trihydrate),13,0.4,0.7,0.0,0.2,,,,,,
tier2_unseen_drugs,CVCL_1550,Eplerenone,9,0.0,0.1,0.1,0.0,,,,,,
tier2_unseen_drugs,CVCL_1550,Tetracycline (hydrochloride),15,1.0,0.7,0.8,0.7,,,,,,
tier2_unseen_drugs,CVCL_1550,Berbamine (dihydrochloride),10,0.1,0.2,0.7,0.1,,,,,,
tier2_unseen_drugs,CVCL_1731,Naproxen,12,1.0,1.0,1.0,0.0,,,,,,
tier2_unseen_drugs,CVCL_1731,Fenofibrate,10,0.8,0.8,0.8,0.0,,,,,,
tier2_unseen_drugs,CVCL_1731,Canagliflozin,9,0.2,0.0,0.4,0.0,,,,,,
tier2_unseen_drugs,CVCL_1731,Mozavaptan,8,0.8,0.0,0.0,0.0,,,,,,
tier2_unseen_drugs,CVCL_1731,Sivelestat (sodium tetrahydrate),8,0.8,0.4,0.2,0.0,,,,,,
tier2_unseen_drugs,CVCL_1731,Tetracycline (hydrochloride),9,0.4,0.6,0.6,0.0,,,,,,
tier2_unseen_drugs,CVCL_0504,Fenofibrate,14,1.0,1.0,1.0,0.0,,,,,,
tier2_unseen_drugs,CVCL_0504,Verteporfin,9,0.25,0.5,0.75,0.0,,,,,,
tier2_unseen_drugs,CVCL_0504,Mozavaptan,11,0.5,0.25,0.0,0.0,,,,,,
tier2_unseen_drugs,CVCL_0504,Sivelestat (sodium tetrahydrate),11,0.75,0.75,0.5,0.0,,,,,,
tier2_unseen_drugs,CVCL_0504,Tetracycline (hydrochloride),8,0.25,0.25,0.25,0.0,,,,,,
tier2_unseen_drugs,CVCL_0366,Fenofibrate,10,0.0,0.6666666666666666,1.0,0.0,,,,,,
tier2_unseen_drugs,CVCL_0366,Mozavaptan,10,1.0,1.0,0.0,0.0,,,,,,
tier2_unseen_drugs,CVCL_0366,Eplerenone,8,0.0,0.0,0.6666666666666666,0.0,,,,,,
tier2_unseen_drugs,CVCL_0366,Sivelestat (sodium tetrahydrate),8,0.6666666666666666,0.3333333333333333,0.3333333333333333,0.0,,,,,,
tier2_unseen_drugs,CVCL_0332,Naproxen,8,0.4444444444444444,0.1111111111111111,0.4444444444444444,0.1111111111111111,,,,,,
tier2_unseen_drugs,CVCL_0332,Fenofibrate,13,0.8888888888888888,0.7777777777777778,0.8888888888888888,0.1111111111111111,,,,,,
tier2_unseen_drugs,CVCL_0332,Canagliflozin,13,1.0,0.8888888888888888,0.2222222222222222,0.8888888888888888,,,,,,
tier2_unseen_drugs,CVCL_0332,Verteporfin,8,0.1111111111111111,0.2222222222222222,0.5555555555555556,0.0,,,,,,
tier2_unseen_drugs,CVCL_0332,Dexmedetomidine,11,0.6666666666666666,0.4444444444444444,0.7777777777777778,0.1111111111111111,,,,,,
tier2_unseen_drugs,CVCL_0332,"Dapagliflozin ((2S)-1,2-propanediol, hydrate)",10,0.8888888888888888,0.8888888888888888,0.0,0.0,,,,,,
tier2_unseen_drugs,CVCL_0332,Mozavaptan,8,1.0,0.2222222222222222,0.1111111111111111,0.0,,,,,,
tier2_unseen_drugs,CVCL_0332,Sivelestat (sodium tetrahydrate),11,0.7777777777777778,0.6666666666666666,0.6666666666666666,0.1111111111111111,,,,,,
tier2_unseen_drugs,CVCL_0332,Tetracycline (hydrochloride),11,0.7777777777777778,0.6666666666666666,0.3333333333333333,0.3333333333333333,,,,,,
tier2_unseen_drugs,CVCL_0332,Berbamine (dihydrochloride),9,0.4444444444444444,0.0,1.0,0.0,,,,,,
tier2_unseen_drugs,CVCL_0359,Naproxen,12,1.0,0.7777777777777778,0.7777777777777778,0.2222222222222222,,,,,,
tier2_unseen_drugs,CVCL_0359,Canagliflozin,12,0.6666666666666666,0.8888888888888888,0.3333333333333333,0.2222222222222222,,,,,,
tier2_unseen_drugs,CVCL_0359,Verteporfin,13,0.4444444444444444,0.6666666666666666,0.5555555555555556,0.2222222222222222,,,,,,
tier2_unseen_drugs,CVCL_0359,Dexmedetomidine,14,1.0,1.0,1.0,0.2222222222222222,,,,,,
tier2_unseen_drugs,CVCL_0359,"Dapagliflozin ((2S)-1,2-propanediol, hydrate)",11,0.6666666666666666,0.4444444444444444,0.0,0.1111111111111111,,,,,,
tier2_unseen_drugs,CVCL_0359,Mozavaptan,10,0.7777777777777778,0.1111111111111111,0.4444444444444444,0.0,,,,,,
tier2_unseen_drugs,CVCL_0359,Eplerenone,13,0.7777777777777778,0.4444444444444444,0.2222222222222222,0.2222222222222222,,,,,,
tier2_unseen_drugs,CVCL_0359,Sivelestat (sodium tetrahydrate),11,0.3333333333333333,0.2222222222222222,0.6666666666666666,0.1111111111111111,,,,,,
tier2_unseen_drugs,CVCL_0359,Tetracycline (hydrochloride),9,0.0,0.0,0.1111111111111111,0.0,,,,,,
tier2_unseen_drugs,CVCL_0359,Berbamine (dihydrochloride),10,0.6666666666666666,0.8888888888888888,0.8888888888888888,0.1111111111111111,,,,,,
tier2_unseen_drugs,CVCL_1666,Naproxen,9,0.8333333333333334,0.5,0.5,0.0,,,,,,
tier2_unseen_drugs,CVCL_1666,Dexmedetomidine,12,1.0,1.0,0.8333333333333334,0.16666666666666666,,,,,,
tier2_unseen_drugs,CVCL_1666,"Dapagliflozin ((2S)-1,2-propanediol, hydrate)",10,0.5,0.16666666666666666,0.0,0.0,,,,,,
tier2_unseen_drugs,CVCL_1666,Mozavaptan,11,0.8333333333333334,0.6666666666666666,0.3333333333333333,0.16666666666666666,,,,,,
tier2_unseen_drugs,CVCL_1666,Eplerenone,10,0.5,1.0,1.0,0.0,,,,,,
tier2_unseen_drugs,CVCL_1666,Sivelestat (sodium tetrahydrate),8,0.5,0.0,0.0,0.0,,,,,,
tier2_unseen_drugs,CVCL_1666,Berbamine (dihydrochloride),8,0.3333333333333333,0.5,0.6666666666666666,0.0,,,,,,
tier2_unseen_drugs,CVCL_1547,Canagliflozin,10,0.75,0.75,0.5,0.0,,,,,,
tier2_unseen_drugs,CVCL_1547,Mozavaptan,9,0.5,0.25,0.0,0.0,,,,,,
tier2_unseen_drugs,CVCL_1547,Eplerenone,8,0.25,0.25,0.25,0.0,,,,,,
tier2_unseen_drugs,CVCL_1547,Sivelestat (sodium tetrahydrate),13,1.0,1.0,0.75,0.0,,,,,,
tier2_unseen_drugs,CVCL_1547,Tetracycline (hydrochloride),10,0.5,0.5,1.0,0.0,,,,,,
tier2_unseen_drugs,CVCL_1381,Naproxen,16,0.6666666666666666,1.0,0.7777777777777778,0.7777777777777778,,,,,,
tier2_unseen_drugs,CVCL_1381,Fenofibrate,9,0.0,0.0,0.3333333333333333,0.0,,,,,,
tier2_unseen_drugs,CVCL_1381,Canagliflozin,16,1.0,1.0,0.4444444444444444,0.7777777777777778,,,,,,
tier2_unseen_drugs,CVCL_1381,Verteporfin,10,0.6666666666666666,0.5555555555555556,0.8888888888888888,0.0,,,,,,
tier2_unseen_drugs,CVCL_1381,Dexmedetomidine,9,0.3333333333333333,0.0,0.6666666666666666,0.0,,,,,,
tier2_unseen_drugs,CVCL_1381,"Dapagliflozin ((2S)-1,2-propanediol, hydrate)",9,0.4444444444444444,0.3333333333333333,0.1111111111111111,0.0,,,,,,
tier2_unseen_drugs,CVCL_1381,Mozavaptan,15,0.7777777777777778,0.8888888888888888,0.2222222222222222,0.5555555555555556,,,,,,
tier2_unseen_drugs,CVCL_1381,Docetaxel (Trihydrate),10,0.4444444444444444,0.0,1.0,0.0,,,,,,
tier2_unseen_drugs,CVCL_1381,Eplerenone,13,0.8888888888888888,0.5555555555555556,0.0,0.2222222222222222,,,,,,
tier2_unseen_drugs,CVCL_1381,Sivelestat (sodium tetrahydrate),13,0.7777777777777778,0.6666666666666666,0.5555555555555556,0.3333333333333333,,,,,,
tier2_unseen_drugs,CVCL_0218,Fenofibrate,9,0.5,0.5,0.5,0.0,,,,,,
tier2_unseen_drugs,CVCL_0218,Dexmedetomidine,8,1.0,1.0,0.0,0.0,,,,,,
tier2_unseen_drugs,CVCL_0218,Eplerenone,9,0.0,0.0,1.0,0.0,,,,,,
tier2_unseen_drugs,CVCL_1635,Naproxen,8,0.6666666666666666,0.5555555555555556,0.1111111111111111,0.0,,,,,,
tier2_unseen_drugs,CVCL_1635,Canagliflozin,17,1.0,0.8888888888888888,0.5555555555555556,0.8888888888888888,,,,,,
tier2_unseen_drugs,CVCL_1635,Verteporfin,11,0.6666666666666666,0.6666666666666666,0.8888888888888888,0.3333333333333333,,,,,,
tier2_unseen_drugs,CVCL_1635,Dexmedetomidine,9,0.2222222222222222,0.1111111111111111,0.4444444444444444,0.0,,,,,,
tier2_unseen_drugs,CVCL_1635,"Dapagliflozin ((2S)-1,2-propanediol, hydrate)",11,0.7777777777777778,0.7777777777777778,0.0,0.6666666666666666,,,,,,
tier2_unseen_drugs,CVCL_1635,Mozavaptan,9,0.1111111111111111,0.1111111111111111,0.6666666666666666,0.0,,,,,,
tier2_unseen_drugs,CVCL_1635,Docetaxel (Trihydrate),8,0.3333333333333333,0.1111111111111111,1.0,0.0,,,,,,
tier2_unseen_drugs,CVCL_1635,Eplerenone,13,0.8888888888888888,0.8888888888888888,0.2222222222222222,0.7777777777777778,,,,,,
tier2_unseen_drugs,CVCL_1635,Sivelestat (sodium tetrahydrate),8,0.4444444444444444,0.2222222222222222,0.6666666666666666,0.0,,,,,,
tier2_unseen_drugs,CVCL_1635,Tetracycline (hydrochloride),8,0.2222222222222222,0.0,0.3333333333333333,0.0,,,,,,
tier2_unseen_drugs,CVCL_0292,Naproxen,8,0.5,0.0,0.0,0.0,,,,,,
tier2_unseen_drugs,CVCL_0292,Dexmedetomidine,10,1.0,1.0,0.5,0.0,,,,,,
tier2_unseen_drugs,CVCL_0292,Eplerenone,8,0.0,0.5,1.0,0.0,,,,,,
tier2_unseen_drugs,CVCL_1693,Naproxen,12,0.875,0.5,0.875,0.125,,,,,,
tier2_unseen_drugs,CVCL_1693,Fenofibrate,10,0.25,0.25,0.25,0.0,,,,,,
tier2_unseen_drugs,CVCL_1693,Verteporfin,14,1.0,1.0,0.625,0.5,,,,,,
tier2_unseen_drugs,CVCL_1693,Dexmedetomidine,14,1.0,0.75,0.5,0.5,,,,,,
tier2_unseen_drugs,CVCL_1693,Mozavaptan,11,0.375,0.125,0.125,0.0,,,,,,
tier2_unseen_drugs,CVCL_1693,Docetaxel (Trihydrate),13,0.5,0.625,0.375,0.25,,,,,,
tier2_unseen_drugs,CVCL_1693,Eplerenone,8,0.25,0.0,0.0,0.0,,,,,,
tier2_unseen_drugs,CVCL_1693,Tetracycline (hydrochloride),10,0.0,0.375,0.75,0.0,,,,,,
tier2_unseen_drugs,CVCL_1693,Berbamine (dihydrochloride),14,0.625,0.625,1.0,0.5,,,,,,
tier2_unseen_drugs,CVCL_1495,Naproxen,9,0.16666666666666666,0.16666666666666666,0.0,0.0,,,,,,
tier2_unseen_drugs,CVCL_1495,Fenofibrate,16,0.8333333333333334,0.8333333333333334,0.6666666666666666,0.5,,,,,,
tier2_unseen_drugs,CVCL_1495,Canagliflozin,11,0.6666666666666666,0.3333333333333333,0.16666666666666666,0.16666666666666666,,,,,,
tier2_unseen_drugs,CVCL_1495,Verteporfin,17,1.0,1.0,0.8333333333333334,0.5,,,,,,
tier2_unseen_drugs,CVCL_1495,Docetaxel (Trihydrate),8,0.0,0.0,1.0,0.0,,,,,,
tier2_unseen_drugs,CVCL_1495,Eplerenone,13,0.5,0.6666666666666666,0.3333333333333333,0.16666666666666666,,,,,,
tier2_unseen_drugs,CVCL_1495,Tetracycline (hydrochloride),10,0.3333333333333333,0.3333333333333333,0.5,0.0,,,,,,
tier2_unseen_drugs,CVCL_0152,Fenofibrate,12,1.0,1.0,1.0,0.0,,,,,,
tier2_unseen_drugs,CVCL_0152,Docetaxel (Trihydrate),11,0.5,0.5,0.5,0.0,,,,,,
tier2_unseen_drugs,CVCL_0152,Sivelestat (sodium tetrahydrate),8,0.0,0.0,0.0,0.0,,,,,,
tier2_unseen_drugs,CVCL_0131,Verteporfin,9,0.5,0.16666666666666666,0.0,0.0,,,,,,
tier2_unseen_drugs,CVCL_0131,Dexmedetomidine,12,1.0,0.8333333333333334,0.6666666666666666,0.0,,,,,,
tier2_unseen_drugs,CVCL_0131,Mozavaptan,11,0.8333333333333334,0.8333333333333334,0.16666666666666666,0.0,,,,,,
tier2_unseen_drugs,CVCL_0131,Docetaxel (Trihydrate),10,0.8333333333333334,1.0,0.6666666666666666,0.0,,,,,,
tier2_unseen_drugs,CVCL_0131,Sivelestat (sodium tetrahydrate),13,1.0,0.6666666666666666,1.0,0.0,,,,,,
tier2_unseen_drugs,CVCL_0131,Tetracycline (hydrochloride),8,0.3333333333333333,0.16666666666666666,0.3333333333333333,0.0,,,,,,
tier2_unseen_drugs,CVCL_0131,Berbamine (dihydrochloride),11,0.5,0.3333333333333333,0.8333333333333334,0.0,,,,,,
tier2_unseen_drugs,CVCL_1097,Cabozantinib (S-malate),12,1.0,1.0,0.6666666666666666,0.0,,,,,,
tier2_unseen_drugs,CVCL_1097,Proglumide,11,0.6666666666666666,0.3333333333333333,0.0,0.0,,,,,,
tier2_unseen_drugs,CVCL_1097,Delamanid,12,0.6666666666666666,0.6666666666666666,1.0,0.0,,,,,,
tier2_unseen_drugs,CVCL_1097,Citalopram (hydrobromide),10,0.0,0.0,0.3333333333333333,0.0,,,,,,
tier2_unseen_drugs,CVCL_0371,Budesonide,13,0.8333333333333334,0.8333333333333334,0.8333333333333334,0.16666666666666666,,,,,,
tier2_unseen_drugs,CVCL_0371,Canagliflozin (hemihydrate),10,0.3333333333333333,0.6666666666666666,0.5,0.0,,,,,,
tier2_unseen_drugs,CVCL_0371,Omeprazole,11,0.8333333333333334,0.8333333333333334,0.6666666666666666,0.16666666666666666,,,,,,
tier2_unseen_drugs,CVCL_0371,Cabozantinib (S-malate),10,0.5,0.3333333333333333,1.0,0.0,,,,,,
tier2_unseen_drugs,CVCL_0371,Benztropine (mesylate),11,0.8333333333333334,0.5,0.16666666666666666,0.16666666666666666,,,,,,
tier2_unseen_drugs,CVCL_0371,Delamanid,9,0.0,0.0,0.0,0.0,,,,,,
tier2_unseen_drugs,CVCL_0371,Citalopram (hydrobromide),11,1.0,0.16666666666666666,0.3333333333333333,0.0,,,,,,
tier2_unseen_drugs,CVCL_1635,Valdecoxib,8,0.3333333333333333,0.6666666666666666,1.0,0.0,,,,,,
tier2_unseen_drugs,CVCL_1635,Cabozantinib (S-malate),12,1.0,1.0,0.6666666666666666,0.0,,,,,,
tier2_unseen_drugs,CVCL_1635,Benztropine (mesylate),8,0.3333333333333333,0.0,0.3333333333333333,0.0,,,,,,
tier2_unseen_drugs,CVCL_1635,Proglumide,9,0.0,0.0,0.0,0.0,,,,,,
tier2_unseen_drugs,CVCL_0334,Budesonide,11,0.2222222222222222,0.0,0.5555555555555556,0.0,,,,,,
tier2_unseen_drugs,CVCL_0334,Valdecoxib,13,0.3333333333333333,0.6666666666666666,0.8888888888888888,0.1111111111111111,,,,,,
tier2_unseen_drugs,CVCL_0334,Ataluren,15,0.3333333333333333,0.3333333333333333,1.0,0.1111111111111111,,,,,,
tier2_unseen_drugs,CVCL_0334,Canagliflozin (hemihydrate),12,0.5555555555555556,0.7777777777777778,0.2222222222222222,0.1111111111111111,,,,,,
tier2_unseen_drugs,CVCL_0334,Omeprazole,15,0.2222222222222222,0.6666666666666666,0.6666666666666666,0.2222222222222222,,,,,,
tier2_unseen_drugs,CVCL_0334,Cabozantinib (S-malate),19,1.0,0.8888888888888888,0.1111111111111111,0.5555555555555556,,,,,,
tier2_unseen_drugs,CVCL_0334,Benztropine (mesylate),14,0.8888888888888888,0.3333333333333333,0.3333333333333333,0.3333333333333333,,,,,,
tier2_unseen_drugs,CVCL_0334,Abiraterone acetate,16,0.7777777777777778,0.8888888888888888,0.7777777777777778,0.3333333333333333,,,,,,
tier2_unseen_drugs,CVCL_0334,Delamanid,13,0.1111111111111111,0.0,0.0,0.1111111111111111,,,,,,
tier2_unseen_drugs,CVCL_0334,Citalopram (hydrobromide),18,1.0,0.8888888888888888,0.4444444444444444,0.6666666666666666,,,,,,
tier2_unseen_drugs,CVCL_0359,Budesonide,13,0.4444444444444444,0.2222222222222222,1.0,0.0,,,,,,
tier2_unseen_drugs,CVCL_0359,Valdecoxib,11,0.7777777777777778,0.6666666666666666,0.6666666666666666,0.1111111111111111,,,,,,
tier2_unseen_drugs,CVCL_0359,Ataluren,11,0.1111111111111111,0.0,0.7777777777777778,0.0,,,,,,
tier2_unseen_drugs,CVCL_0359,Canagliflozin (hemihydrate),14,1.0,0.7777777777777778,0.1111111111111111,0.5555555555555556,,,,,,
tier2_unseen_drugs,CVCL_0359,Omeprazole,12,0.8888888888888888,0.7777777777777778,0.8888888888888888,0.4444444444444444,,,,,,
tier2_unseen_drugs,CVCL_0359,Cabozantinib (S-malate),9,0.2222222222222222,0.4444444444444444,0.3333333333333333,0.0,,,,,,
tier2_unseen_drugs,CVCL_0359,Benztropine (mesylate),11,0.6666666666666666,0.6666666666666666,0.3333333333333333,0.2222222222222222,,,,,,
tier2_unseen_drugs,CVCL_0359,Carbamazepine,20,1.0,1.0,0.5555555555555556,1.0,,,,,,
tier2_unseen_drugs,CVCL_0359,Proglumide,10,0.4444444444444444,0.5555555555555556,0.0,0.0,,,,,,
tier2_unseen_drugs,CVCL_0359,Delamanid,9,0.2222222222222222,0.0,0.4444444444444444,0.0,,,,,,
tier2_unseen_drugs,CVCL_0069,Valdecoxib,8,0.25,0.25,1.0,0.0,,,,,,
tier2_unseen_drugs,CVCL_0069,Canagliflozin (hemihydrate),11,0.5,0.5,0.0,0.0,,,,,,
tier2_unseen_drugs,CVCL_0069,Cabozantinib (S-malate),13,0.75,1.0,0.5,0.0,,,,,,
tier2_unseen_drugs,CVCL_0069,Delamanid,10,0.25,0.75,0.75,0.0,,,,,,
tier2_unseen_drugs,CVCL_0069,Citalopram (hydrobromide),8,0.5,0.25,0.25,0.0,,,,,,
tier2_unseen_drugs,CVCL_0546,Budesonide,24,0.8181818181818182,0.2727272727272727,0.9090909090909091,0.09090909090909091,,,,,,
tier2_unseen_drugs,CVCL_0546,Valdecoxib,25,0.0,0.09090909090909091,1.0,0.0,,,,,,
tier2_unseen_drugs,CVCL_0546,Ataluren,21,0.0,0.18181818181818182,0.7272727272727273,0.0,,,,,,
tier2_unseen_drugs,CVCL_0546,Canagliflozin (hemihydrate),28,1.0,1.0,0.8181818181818182,0.5454545454545454,,,,,,
tier2_unseen_drugs,CVCL_0546,Omeprazole,21,0.45454545454545453,0.5454545454545454,0.45454545454545453,0.0,,,,,,
tier2_unseen_drugs,CVCL_0546,Cabozantinib (S-malate),30,0.8181818181818182,0.45454545454545453,0.2727272727272727,0.2727272727272727,,,,,,
tier2_unseen_drugs,CVCL_0546,Benztropine (mesylate),28,0.8181818181818182,0.7272727272727273,0.5454545454545454,0.2727272727272727,,,,,,
tier2_unseen_drugs,CVCL_0546,Carbamazepine,28,0.36363636363636365,0.45454545454545453,0.36363636363636365,0.09090909090909091,,,,,,
tier2_unseen_drugs,CVCL_0546,Abiraterone acetate,30,1.0,1.0,0.09090909090909091,0.2727272727272727,,,,,,
tier2_unseen_drugs,CVCL_0546,Proglumide,29,0.8181818181818182,0.45454545454545453,0.18181818181818182,0.5454545454545454,,,,,,
tier2_unseen_drugs,CVCL_0546,Delamanid,27,0.2727272727272727,0.18181818181818182,0.0,0.0,,,,,,
tier2_unseen_drugs,CVCL_0546,Citalopram (hydrobromide),26,0.45454545454545453,0.45454545454545453,0.6363636363636364,0.2727272727272727,,,,,,
tier2_unseen_drugs,CVCL_1056,Budesonide,11,0.7272727272727273,0.09090909090909091,0.7272727272727273,0.09090909090909091,,,,,,
tier2_unseen_drugs,CVCL_1056,Valdecoxib,9,0.2727272727272727,0.0,1.0,0.0,,,,,,
tier2_unseen_drugs,CVCL_1056,Ataluren,16,1.0,0.5454545454545454,0.2727272727272727,0.5454545454545454,,,,,,
tier2_unseen_drugs,CVCL_1056,Canagliflozin (hemihydrate),9,0.18181818181818182,0.2727272727272727,0.09090909090909091,0.09090909090909091,,,,,,
tier2_unseen_drugs,CVCL_1056,Omeprazole,16,1.0,0.45454545454545453,0.9090909090909091,0.45454545454545453,,,,,,
tier2_unseen_drugs,CVCL_1056,Cabozantinib (S-malate),12,0.9090909090909091,0.7272727272727273,0.45454545454545453,0.36363636363636365,,,,,,
tier2_unseen_drugs,CVCL_1056,Benztropine (mesylate),13,0.5454545454545454,0.7272727272727273,0.18181818181818182,0.36363636363636365,,,,,,
tier2_unseen_drugs,CVCL_1056,Carbamazepine,19,1.0,1.0,0.8181818181818182,1.0,,,,,,
tier2_unseen_drugs,CVCL_1056,Abiraterone acetate,13,0.6363636363636364,0.45454545454545453,0.6363636363636364,0.36363636363636365,,,,,,
tier2_unseen_drugs,CVCL_1056,Proglumide,8,0.18181818181818182,0.2727272727272727,0.0,0.09090909090909091,,,,,,
tier2_unseen_drugs,CVCL_1056,Delamanid,15,0.8181818181818182,0.7272727272727273,0.2727272727272727,0.45454545454545453,,,,,,
tier2_unseen_drugs,CVCL_1056,Citalopram (hydrobromide),12,0.6363636363636364,0.36363636363636365,0.5454545454545454,0.36363636363636365,,,,,,
tier2_unseen_drugs,CVCL_0131,Budesonide,8,0.5714285714285714,0.0,0.8571428571428571,0.0,,,,,,
tier2_unseen_drugs,CVCL_0131,Valdecoxib,11,0.8571428571428571,0.8571428571428571,1.0,0.14285714285714285,,,,,,
tier2_unseen_drugs,CVCL_0131,Ataluren,8,0.42857142857142855,0.5714285714285714,0.2857142857142857,0.14285714285714285,,,,,,
tier2_unseen_drugs,CVCL_0131,Canagliflozin (hemihydrate),8,0.2857142857142857,0.14285714285714285,0.0,0.0,,,,,,
tier2_unseen_drugs,CVCL_0131,Omeprazole,12,1.0,0.8571428571428571,0.7142857142857143,0.7142857142857143,,,,,,
tier2_unseen_drugs,CVCL_0131,Benztropine (mesylate),9,0.5714285714285714,0.14285714285714285,0.14285714285714285,0.14285714285714285,,,,,,
tier2_unseen_drugs,CVCL_0131,Abiraterone acetate,9,0.14285714285714285,0.14285714285714285,0.42857142857142855,0.0,,,,,,
tier2_unseen_drugs,CVCL_0131,Delamanid,13,1.0,0.7142857142857143,0.5714285714285714,0.42857142857142855,,,,,,
